{"train_losses": [0.5410154428583098, 0.3340026845035479, 0.26969236571872585, 0.23836223226167755, 0.22582309637225803, 0.1973752449224661, 0.19681060950233614, 0.1999489216483981, 0.16541108402191115, 0.16098338777175517, 0.14759803952855094, 0.14932692420957597, 0.14912134169012048, 0.13442062886705738, 0.1347120481812323, 0.1257052127460495, 0.10773910355882178, 0.10165372835263059, 0.10068835038632673, 0.09321336493429278, 0.08705823833533856, 0.07879126579270888, 0.08475870873683101, 0.08102461053565468, 0.07566623918805732, 0.0803448659770948, 0.07406026899437397, 0.06872690735507013, 0.06844843079568434, 0.06808281825946841, 0.06142299355397325, 0.06267167787108835, 0.06558010423968808, 0.06059580209592087, 0.06266616130300418, 0.05642882661931543, 0.05460530901681067, 0.05362977801759849, 0.059892031374601216, 0.060338687450530344, 0.05261092688857586, 0.057888833356506214, 0.06054755415992669, 0.04700139460301358, 0.05602379853228246], "val_losses": [0.2925525843507292, 0.2544363159227873, 0.20432182003840127, 0.19814356979274775, 0.19471164827750922, 0.18296994114248802, 0.2029952986897989, 0.18382269810281165, 0.1793730898092193, 0.17442489648131482, 0.17696828073549017, 0.165008630101616, 0.17234918037871363, 0.1712482712635441, 0.16668411717669548, 0.16686372683529804, 0.16916064096794792, 0.16467731547171136, 0.15004101877503212, 0.15342442754564387, 0.1657222805942218, 0.15868208147689372, 0.14597191720391797, 0.14851959030229228, 0.1670603622011018, 0.17749132163798073, 0.16846771011177702, 0.1614222208733215, 0.14833457830350916, 0.17226879265366382, 0.14940337614368754, 0.1546405709436765, 0.15233760081048212, 0.16159013802158714, 0.15598138659838962, 0.1524286264682695, 0.14899292492195, 0.15491678164191913, 0.15667259521391058, 0.16737270724858763, 0.15348272883555167, 0.16067300241963267, 0.16003933029704928, 0.16789458511717215, 0.1579884976428404], "train_accs": [0.7841010024108616, 0.8816140083745717, 0.9008374571754854, 0.9142240832381677, 0.9196802436239055, 0.9270397157721101, 0.9350336251744702, 0.9322421012561858, 0.940933891638117, 0.9450577337901281, 0.9474051516305038, 0.9469610455525949, 0.9503870067250348, 0.9553356173074483, 0.951084887704606, 0.9552721735820328, 0.9621875396523284, 0.965105951021444, 0.963392970435224, 0.9655500570993528, 0.9685953559192996, 0.9701814490546885, 0.9678340312143129, 0.969102905722624, 0.9717675421900774, 0.9703083365055196, 0.9736074102271285, 0.9733536353254663, 0.9744956223829463, 0.9741784037558685, 0.9773505900266464, 0.9769064839487375, 0.9763354904199975, 0.9766527090470752, 0.9768430402233219, 0.9789366831620353, 0.9790635706128664, 0.9799517827686842, 0.979127014338282, 0.9793173455145286, 0.9800152264940998, 0.9780484710062175, 0.979127014338282, 0.9824895317853064, 0.9798883390432687], "val_accs": [0.8886069525501142, 0.9099213397614818, 0.9269221009895966, 0.9294595280385689, 0.9264146155798021, 0.9358030956609997, 0.9236234458259325, 0.9337731540218219, 0.9355493529561025, 0.943669119512814, 0.9441766049226085, 0.9418929205785334, 0.9426541486932251, 0.9429078913981223, 0.9487439736107587, 0.944684090332403, 0.9492514590205532, 0.9487439736107587, 0.9530575995940117, 0.9505201725450393, 0.9472215173813753, 0.9495052017254504, 0.9553412839380868, 0.9543263131184978, 0.9497589444303476, 0.9464602892666836, 0.9495052017254504, 0.955595026642984, 0.955595026642984, 0.951281400659731, 0.9550875412331895, 0.9535650850038061, 0.9571174828723674, 0.9515351433646283, 0.9538188277087034, 0.955595026642984, 0.9609236234458259, 0.9561025120527785, 0.9558487693478812, 0.9540725704136006, 0.9586399391017508, 0.9568637401674702, 0.9538188277087034, 0.9548337985282923, 0.9538188277087034]}