{"train_losses": [0.6892525398887032, 0.5175177242123313, 0.4866523659330624, 0.4640036243848458, 0.4523331508647365, 0.43564617518860743, 0.4146875946855442, 0.4123313005556538, 0.40578984378891053, 0.39851173310772353, 0.3776045134112611, 0.3806003698304649, 0.3828513634422681, 0.37277287363915285, 0.3739389782326428, 0.36363195639745094, 0.3587575710949718, 0.36070702919544356, 0.35267955371834664, 0.3442274508852445, 0.338934858895289, 0.3402369513515893, 0.3314863042796026, 0.3334901005789768, 0.3253224697637612, 0.3335308645857937, 0.32703875596867255, 0.3162215621001586, 0.32643062592898964, 0.32377649736107944, 0.3154501547374454, 0.31481205297369536, 0.31421019356045954, 0.3146548970272631, 0.31693704611773177], "val_losses": [0.4975398269379632, 0.4398790674746808, 0.4191203588188315, 0.3928107809094843, 0.3868802674558979, 0.3765171288657509, 0.37604925215652646, 0.3522942396354869, 0.3509173170923128, 0.3469624779787623, 0.34077310326195587, 0.34022833680295905, 0.3564545365796722, 0.3448681046411611, 0.32038132486776544, 0.31293580175746794, 0.32838409626372, 0.3176807828192722, 0.3279315291005202, 0.32516174114043866, 0.30059462241248047, 0.3040992094762009, 0.28233465860108375, 0.3049169777613913, 0.30061591337006033, 0.30575319031899545, 0.2866892278179303, 0.2945592139493811, 0.2913341694330691, 0.2914943413379319, 0.34473091211151996, 0.29345186167760295, 0.2820498380555746, 0.2900285285851944, 0.2945328451101322], "train_accs": [0.6940109123207715, 0.7774394112422282, 0.7973607410227128, 0.8019921329780485, 0.8082730617941886, 0.8175358457048598, 0.8266082984392844, 0.8258469737342977, 0.8319375713741911, 0.8341581017637356, 0.8406928054815379, 0.8417079050881868, 0.8427230046948356, 0.845387641162289, 0.8445628727318868, 0.8503362517447024, 0.8568709554625048, 0.8512879076259358, 0.8539525440933892, 0.8593452607537114, 0.8611851287907626, 0.8562999619337648, 0.8654993021190204, 0.8667681766273315, 0.870003806623525, 0.8674026138814871, 0.8684811572135516, 0.8739373175992894, 0.8681004948610582, 0.8707651313285116, 0.8730491054434717, 0.8712092374064205, 0.8748255297551072, 0.8752061921076005, 0.8713361248572516], "val_accs": [0.790916011164679, 0.8173052524739913, 0.8304998731286476, 0.8327835574727227, 0.8403958386196397, 0.8520680030449125, 0.8401420959147424, 0.8535904592742959, 0.8538442019791931, 0.8556204009134737, 0.8662775945191575, 0.8581578279624461, 0.8500380614057346, 0.8627251966505963, 0.872113676731794, 0.8738898756660746, 0.8675463080436437, 0.8695762496828217, 0.8662775945191575, 0.8683075361583354, 0.8743973610758691, 0.8738898756660746, 0.8842933265668612, 0.8713524486171023, 0.8746511037807663, 0.876427302715047, 0.8858157827962446, 0.8759198173052525, 0.8794722151738138, 0.8825171276325806, 0.8771885308297387, 0.8835320984521695, 0.8850545546815529, 0.8761735600101497, 0.8784572443542248]}