{"train_loss": [0.5835046697133327, 0.43824601809456026, 0.38563372227099174, 0.35176607686967176, 0.3251461216492363, 0.3096304979100171, 0.2958778143004708, 0.2864940368710186, 0.26590554120841325, 0.2622675919287732, 0.2596234977056254, 0.24309058278107035, 0.23401583263965114, 0.2260191709336374, 0.2250049363506459, 0.21188687894560937, 0.2134759603282126, 0.21305099285476298, 0.19287516436492438, 0.20956626922826208, 0.18976151031666397, 0.1804136945845368, 0.17687921527886116, 0.1797519792871054, 0.17925262595484923, 0.1592855590572062, 0.17287678590788633, 0.12579233657538913, 0.10753362015922077, 0.09998449447900747, 0.09721297451009334, 0.09296892500554467, 0.08929973878765254, 0.08709143084844853, 0.08241743622675052, 0.08424918927430025, 0.08037331794698088, 0.07218641062586074, 0.0699887467582994, 0.07102736146228861, 0.06651038219642932, 0.06411982434622725, 0.06657466434579035, 0.06364073766242534, 0.06215561653077678, 0.060895252244185634, 0.0604964784186869, 0.05712396253611528, 0.05802753329458552, 0.06001722218371647, 0.059438478889513625, 0.056021907657813605, 0.05665316428082075, 0.05831274699314326, 0.0556435444287208, 0.0569320886101975], "val_loss": [0.4868088390690456, 0.4236408221830544, 0.3914929843438939, 0.42961394848844114, 0.3658981044332227, 0.35811113852953674, 0.30134077366763823, 0.32971558351030933, 0.29348286219551856, 0.3106748673916468, 0.27285840502398717, 0.2594354934035688, 0.26032360438025864, 0.24705025783213708, 0.23710364390677893, 0.23358994401732364, 0.2391743644243931, 0.22939211994492745, 0.23599408973415803, 0.24294030631565558, 0.2128897334447339, 0.2556541637928466, 0.22260180419791595, 0.24707065604814296, 0.21970882293416352, 0.24298599623077505, 0.2551305511410059, 0.16954702928386284, 0.17122536953051845, 0.1739906457519129, 0.16556816300071456, 0.1849869708234028, 0.17841259867545578, 0.1706807713703255, 0.17741461239605802, 0.1817530837629356, 0.16942736792877464, 0.17158294807322205, 0.16813335814616065, 0.16121640418077432, 0.16163928514115836, 0.16681768296182958, 0.1623783269745861, 0.16495796184432904, 0.15599481942001195, 0.178733928248653, 0.17813286794109925, 0.1635418164635262, 0.17150006846890356, 0.1715887773950272, 0.18344196702659213, 0.17069512855796112, 0.16499622772260839, 0.17067234663813133, 0.17809034609754537, 0.17423815513490512], "train_acc": [0.7472401979444232, 0.810493592183733, 0.8427230046948356, 0.858266717421647, 0.871843674660576, 0.8793300342596116, 0.8828828828828827, 0.8867529501332317, 0.896586727572643, 0.8942393097322674, 0.9028676563887831, 0.905024743052912, 0.9082603730491053, 0.9146681893160765, 0.9149854079431543, 0.9177134881360233, 0.9178403755868544, 0.9206953432305545, 0.9270397157721101, 0.9225986549930211, 0.92589772871463, 0.9319248826291079, 0.9330034259611724, 0.9325593198832635, 0.9323055449816012, 0.9390940236010658, 0.9355411749777947, 0.9538129678974748, 0.9615531023981727, 0.9627585331810683, 0.9633929704352239, 0.9649156198451972, 0.9668823753330794, 0.9666920441568329, 0.9684684684684683, 0.9671995939601572, 0.9708793300342595, 0.9722116482679862, 0.9743687349321152, 0.9726557543458951, 0.9755107219895951, 0.9757010531658418, 0.9757644968912573, 0.9756376094404262, 0.9769064839487374, 0.9775409212028929, 0.9778581398299707, 0.978682908260373, 0.9787463519857885, 0.9780484710062174, 0.9768430402233218, 0.9777946961045552, 0.9796345641416063, 0.9777312523791396, 0.9799517827686841, 0.9788732394366196], "val_acc": [0.798528292311596, 0.8261862471453947, 0.8464856635371734, 0.8335447855874144, 0.8553666582085766, 0.8627251966505963, 0.8804871859934027, 0.8784572443542249, 0.8898756660746004, 0.8787109870591221, 0.8985029180411064, 0.9056077137782289, 0.9066226845978179, 0.9053539710733317, 0.9152499365643239, 0.9147424511545293, 0.9129662522202487, 0.9137274803349404, 0.9124587668104542, 0.9116975386957625, 0.9231159604161381, 0.9162649073839128, 0.9185485917279879, 0.9099213397614819, 0.9177873636132962, 0.9104288251712764, 0.9063689418929206, 0.9385942654148693, 0.9403704643491501, 0.941385435168739, 0.9434153768079169, 0.9406242070540473, 0.9439228622177113, 0.9467140319715809, 0.9424004059883279, 0.9469677746764781, 0.9462065465617864, 0.9477290027911698, 0.9472215173813754, 0.9492514590205532, 0.9497589444303477, 0.9492514590205532, 0.9505201725450394, 0.9484902309058615, 0.9500126871352449, 0.9449378330373003, 0.9469677746764781, 0.9520426287744228, 0.9449378330373003, 0.9462065465617864, 0.9474752600862726, 0.9479827454960671, 0.9507739152499366, 0.9482364882009643, 0.9515351433646283, 0.9497589444303477]}